# verdadeiro, estimado, distancia, estimulo
70, 81.2195, 0.786207, Gabriel_azim_beep500Hz_27out2023_beep500Hz_silencio_70.wav
20, 10.7174, 0.136946, Gabriel_azim_beep500Hz_27out2023_ild_beep500Hz_silencio_20.wav
50, 77.3458, 0.813793, Gabriel_azim_beep500Hz_27out2023_beep500Hz_silencio_50.wav
10, 19.7561, 0.160591, Gabriel_azim_beep500Hz_27out2023_itd_beep500Hz_silencio_10.wav
50, 81.9943, 0.30936, Gabriel_azim_beep500Hz_27out2023_itld_rev_beep500Hz_silencio_50.wav
10, -17.4319, 0.578325, Gabriel_azim_beep500Hz_27out2023_ild_beep500Hz_silencio_10.wav
80, 77.0875, 0.372414, Gabriel_azim_beep500Hz_27out2023_itd_beep500Hz_silencio_80.wav
-80, -75.7963, 0.589163, Gabriel_azim_beep500Hz_27out2023_itld_rev_beep500Hz_silencio_-80.wav
-70, -75.7963, 0.31133, Gabriel_azim_beep500Hz_27out2023_ild_beep500Hz_silencio_-70.wav
-10, -43.7733, 0.008867, Gabriel_azim_beep500Hz_27out2023_itld_rev_beep500Hz_silencio_-10.wav
-60, -83.2855, 0.0679803, Gabriel_azim_beep500Hz_27out2023_itld_rev_beep500Hz_silencio_-60.wav
-60, -82.5108, 0.17931, Gabriel_azim_beep500Hz_27out2023_ild_beep500Hz_silencio_-60.wav
-50, -83.0273, 0.178325, Gabriel_azim_beep500Hz_27out2023_ild_beep500Hz_silencio_-50.wav
0, -30.8608, 0.0847291, Gabriel_azim_beep500Hz_27out2023_itld_beep500Hz_silencio_0.wav
10, 75.7963, 0.155665, Gabriel_azim_beep500Hz_27out2023_ild_beep500Hz_silencio_10.wav
70, 75.7963, 0.282759, Gabriel_azim_beep500Hz_27out2023_itld_rev_beep500Hz_silencio_70.wav
-50, -75.538, 0.416749, Gabriel_azim_beep500Hz_27out2023_beep500Hz_silencio_-50.wav
-60, -75.7963, 0.681773, Gabriel_azim_beep500Hz_27out2023_itld_rev_beep500Hz_silencio_-60.wav
70, 95.165, 0.877833, Gabriel_azim_beep500Hz_27out2023_beep500Hz_silencio_70.wav
70, 95.4232, 0.281773, Gabriel_azim_beep500Hz_27out2023_itld_beep500Hz_silencio_70.wav
-30, -65.4663, 0.257143, Gabriel_azim_beep500Hz_27out2023_itd_beep500Hz_silencio_-30.wav
-60, -65.4663, 0.110345, Gabriel_azim_beep500Hz_27out2023_itld_beep500Hz_silencio_-60.wav
0, -10.7174, 0.00197044, Gabriel_azim_beep500Hz_27out2023_ild_beep500Hz_silencio_0.wav
-70, -64.9498, 0.107389, Gabriel_azim_beep500Hz_27out2023_ild_beep500Hz_silencio_-70.wav
-70, -80.9613, 0.189163, Gabriel_azim_beep500Hz_27out2023_itd_beep500Hz_silencio_-70.wav
-40, -90.2582, 0.497537, Gabriel_azim_beep500Hz_27out2023_beep500Hz_silencio_-40.wav
60, 84.3185, 0.406897, Gabriel_azim_beep500Hz_27out2023_ild_beep500Hz_silencio_60.wav
-80, -79.1535, 0.0108374, Gabriel_azim_beep500Hz_27out2023_itld_rev_beep500Hz_silencio_-80.wav
0, 11.7504, 0.00689655, Gabriel_azim_beep500Hz_27out2023_itld_rev_beep500Hz_silencio_0.wav
-10, -12.0086, 0.119212, Gabriel_azim_beep500Hz_27out2023_ild_beep500Hz_silencio_-10.wav
-60, -26.9871, 0.217734, Gabriel_azim_beep500Hz_27out2023_ild_beep500Hz_silencio_-60.wav
-50, -85.868, 0.1133, Gabriel_azim_beep500Hz_27out2023_itld_rev_beep500Hz_silencio_-50.wav
60, 91.5495, 0.175369, Gabriel_azim_beep500Hz_27out2023_itd_beep500Hz_silencio_60.wav
50, 91.033, 0.170443, Gabriel_azim_beep500Hz_27out2023_itd_beep500Hz_silencio_50.wav
-70, -85.3515, 0.0660099, Gabriel_azim_beep500Hz_27out2023_itld_beep500Hz_silencio_-70.wav
-40, 1.42037, -0.00394089, Gabriel_azim_beep500Hz_27out2023_itld_rev_beep500Hz_silencio_-40.wav
0, -24.6628, 0.546798, Gabriel_azim_beep500Hz_27out2023_beep500Hz_silencio_0.wav
80, 91.5495, 0.987192, Gabriel_azim_beep500Hz_27out2023_beep500Hz_silencio_80.wav
80, 10.7174, 0.296552, Gabriel_azim_beep500Hz_27out2023_ild_beep500Hz_silencio_80.wav
-40, -70.6313, 0.725123, Gabriel_azim_beep500Hz_27out2023_beep500Hz_silencio_-40.wav
-40, -16.9154, 0.0295567, Gabriel_azim_beep500Hz_27out2023_ild_beep500Hz_silencio_-40.wav
-70, -84.5768, 0.0492611, Gabriel_azim_beep500Hz_27out2023_itd_beep500Hz_silencio_-70.wav
-50, -89.4835, 0.180296, Gabriel_azim_beep500Hz_27out2023_itld_beep500Hz_silencio_-50.wav
20, 84.3185, 0.185222, Gabriel_azim_beep500Hz_27out2023_itld_beep500Hz_silencio_20.wav
10, 40.6743, 0.853202, Gabriel_azim_beep500Hz_27out2023_beep500Hz_silencio_10.wav
60, 85.868, 0.664039, Gabriel_azim_beep500Hz_27out2023_itld_beep500Hz_silencio_60.wav
20, 47.9053, 0.391133, Gabriel_azim_beep500Hz_27out2023_ild_beep500Hz_silencio_20.wav
0, 5.29412, 0.497537, Gabriel_azim_beep500Hz_27out2023_ild_beep500Hz_silencio_0.wav
40, 94.6485, 0.393103, Gabriel_azim_beep500Hz_27out2023_itld_rev_beep500Hz_silencio_40.wav
80, 95.6815, 0.211823, Gabriel_azim_beep500Hz_27out2023_itld_rev_beep500Hz_silencio_80.wav
40, 78.8953, 0.606897, Gabriel_azim_beep500Hz_27out2023_beep500Hz_silencio_40.wav
0, 28.2783, 0.00788177, Gabriel_azim_beep500Hz_27out2023_itld_rev_beep500Hz_silencio_0.wav
-40, -21.0473, 0.00788177, Gabriel_azim_beep500Hz_27out2023_itld_rev_beep500Hz_silencio_-40.wav
80, 100.846, 0.470936, Gabriel_azim_beep500Hz_27out2023_itld_beep500Hz_silencio_80.wav
10, 16.6571, 0.673892, Gabriel_azim_beep500Hz_27out2023_beep500Hz_silencio_10.wav
30, 16.1406, 0.697537, Gabriel_azim_beep500Hz_27out2023_beep500Hz_silencio_30.wav
-80, -82.2525, 0.698522, Gabriel_azim_beep500Hz_27out2023_beep500Hz_silencio_-80.wav
0, -28.5366, 0.685714, Gabriel_azim_beep500Hz_27out2023_itd_beep500Hz_silencio_0.wav
-80, -86.1263, 0.66798, Gabriel_azim_beep500Hz_27out2023_beep500Hz_silencio_-80.wav
50, 85.3515, 0.285714, Gabriel_azim_beep500Hz_27out2023_itld_beep500Hz_silencio_50.wav
70, 85.0933, 0.287685, Gabriel_azim_beep500Hz_27out2023_itd_beep500Hz_silencio_70.wav
-40, -84.3185, 0.287685, Gabriel_azim_beep500Hz_27out2023_itd_beep500Hz_silencio_-40.wav
-70, -84.3185, 0.0778325, Gabriel_azim_beep500Hz_27out2023_ild_beep500Hz_silencio_-70.wav
-70, -84.3185, -0.00197044, Gabriel_azim_beep500Hz_27out2023_itld_rev_beep500Hz_silencio_-70.wav
40, 15.1076, 0.0433498, Gabriel_azim_beep500Hz_27out2023_itd_beep500Hz_silencio_40.wav
-10, 15.3659, 0.0423645, Gabriel_azim_beep500Hz_27out2023_itd_beep500Hz_silencio_-10.wav
30, 15.1076, 0.044335, Gabriel_azim_beep500Hz_27out2023_ild_beep500Hz_silencio_30.wav
30, 92.066, -0.00197044, Gabriel_azim_beep500Hz_27out2023_itld_rev_beep500Hz_silencio_30.wav
30, 11.7504, 0.141872, Gabriel_azim_beep500Hz_27out2023_ild_beep500Hz_silencio_30.wav
-10, 11.4921, 0.229557, Gabriel_azim_beep500Hz_27out2023_itd_beep500Hz_silencio_-10.wav
-30, -73.7303, 0.228571, Gabriel_azim_beep500Hz_27out2023_itld_beep500Hz_silencio_-30.wav
-20, -25.9541, 0.000985222, Gabriel_azim_beep500Hz_27out2023_itld_rev_beep500Hz_silencio_-20.wav
20, 79.9283, 0.188177, Gabriel_azim_beep500Hz_27out2023_itd_beep500Hz_silencio_20.wav
40, 61.076, 0.69064, Gabriel_azim_beep500Hz_27out2023_beep500Hz_silencio_40.wav
-10, -23.3716, 0.680788, Gabriel_azim_beep500Hz_27out2023_itld_beep500Hz_silencio_-10.wav
80, 73.9885, 1, Gabriel_azim_beep500Hz_27out2023_beep500Hz_silencio_80.wav
-40, -52.5538, 0.365517, Gabriel_azim_beep500Hz_27out2023_ild_beep500Hz_silencio_-40.wav
60, 63.4003, 1, Gabriel_azim_beep500Hz_27out2023_beep500Hz_silencio_60.wav
-20, -67.0158, 0.4, Gabriel_azim_beep500Hz_27out2023_ild_beep500Hz_silencio_-20.wav
-50, -74.505, 0.99803, Gabriel_azim_beep500Hz_27out2023_beep500Hz_silencio_-50.wav
-50, -73.9885, 0.120197, Gabriel_azim_beep500Hz_27out2023_itd_beep500Hz_silencio_-50.wav
30, 95.6815, 0.145813, Gabriel_azim_beep500Hz_27out2023_itld_beep500Hz_silencio_30.wav
60, 76.0545, 0.145813, Gabriel_azim_beep500Hz_27out2023_itd_beep500Hz_silencio_60.wav
80, 75.538, 0.215764, Gabriel_azim_beep500Hz_27out2023_itd_beep500Hz_silencio_80.wav
30, 100.588, 0.00985222, Gabriel_azim_beep500Hz_27out2023_itld_rev_beep500Hz_silencio_30.wav
-50, -84.835, 0.0108374, Gabriel_azim_beep500Hz_27out2023_itld_rev_beep500Hz_silencio_-50.wav
0, 10.4591, 0.295567, Gabriel_azim_beep500Hz_27out2023_ild_beep500Hz_silencio_0.wav
30, 42.4821, 0.962562, Gabriel_azim_beep500Hz_27out2023_beep500Hz_silencio_30.wav
80, 85.868, 0.435468, Gabriel_azim_beep500Hz_27out2023_itld_beep500Hz_silencio_80.wav
-30, -76.8293, 0.00197044, Gabriel_azim_beep500Hz_27out2023_itld_rev_beep500Hz_silencio_-30.wav
-70, -76.571, 0.995074, Gabriel_azim_beep500Hz_27out2023_beep500Hz_silencio_-70.wav
-70, -76.3128, 0.69064, Gabriel_azim_beep500Hz_27out2023_itld_rev_beep500Hz_silencio_-70.wav
60, 93.099, 0.391133, Gabriel_azim_beep500Hz_27out2023_itld_rev_beep500Hz_silencio_60.wav
-70, 11.4921, 0.370443, Gabriel_azim_beep500Hz_27out2023_itd_beep500Hz_silencio_-70.wav
-10, 11.4921, 0.372414, Gabriel_azim_beep500Hz_27out2023_ild_beep500Hz_silencio_-10.wav
30, 47.1306, 0.451232, Gabriel_azim_beep500Hz_27out2023_itd_beep500Hz_silencio_30.wav
10, 78.1205, 0.451232, Gabriel_azim_beep500Hz_27out2023_itd_beep500Hz_silencio_10.wav
-80, 9.42611, 0.173399, Gabriel_azim_beep500Hz_27out2023_itd_beep500Hz_silencio_-80.wav
-10, 9.16786, 0.869951, Gabriel_azim_beep500Hz_27out2023_beep500Hz_silencio_-10.wav
-60, -56.4275, 0.466995, Gabriel_azim_beep500Hz_27out2023_itd_beep500Hz_silencio_-60.wav
-80, -78.637, 0.183251, Gabriel_azim_beep500Hz_27out2023_itld_beep500Hz_silencio_-80.wav
40, 90.2582, 0.745813, Gabriel_azim_beep500Hz_27out2023_beep500Hz_silencio_40.wav
40, 89.4835, 0.520197, Gabriel_azim_beep500Hz_27out2023_itld_rev_beep500Hz_silencio_40.wav
-60, -70.6313, 0.165517, Gabriel_azim_beep500Hz_27out2023_itld_beep500Hz_silencio_-60.wav
50, 81.4778, 0.826601, Gabriel_azim_beep500Hz_27out2023_beep500Hz_silencio_50.wav
10, 15.8824, -0.00295567, Gabriel_azim_beep500Hz_27out2023_itld_rev_beep500Hz_silencio_10.wav
-80, -65.4663, 0.737931, Gabriel_azim_beep500Hz_27out2023_beep500Hz_silencio_-80.wav
-10, -65.4663, 0.376355, Gabriel_azim_beep500Hz_27out2023_itld_beep500Hz_silencio_-10.wav
30, 66.241, 0.767488, Gabriel_azim_beep500Hz_27out2023_beep500Hz_silencio_30.wav
-80, -76.8293, 0.155665, Gabriel_azim_beep500Hz_27out2023_itld_beep500Hz_silencio_-80.wav
-30, 12.5251, 0.421675, Gabriel_azim_beep500Hz_27out2023_itd_beep500Hz_silencio_-30.wav
60, 72.9555, 0.254187, Gabriel_azim_beep500Hz_27out2023_itld_beep500Hz_silencio_60.wav
30, 54.6198, 0.463054, Gabriel_azim_beep500Hz_27out2023_itld_rev_beep500Hz_silencio_30.wav
50, 12.2669, 0.648276, Gabriel_azim_beep500Hz_27out2023_ild_beep500Hz_silencio_50.wav
40, 69.8565, 0.774384, Gabriel_azim_beep500Hz_27out2023_itld_rev_beep500Hz_silencio_40.wav
10, 12.2669, 0.774384, Gabriel_azim_beep500Hz_27out2023_itld_rev_beep500Hz_silencio_10.wav
-30, -68.5653, 0.929064, Gabriel_azim_beep500Hz_27out2023_beep500Hz_silencio_-30.wav
10, 10.9756, 0.596059, Gabriel_azim_beep500Hz_27out2023_itd_beep500Hz_silencio_10.wav
-80, -81.4778, 0.168473, Gabriel_azim_beep500Hz_27out2023_itld_beep500Hz_silencio_-80.wav
-50, -40.6743, 0.385222, Gabriel_azim_beep500Hz_27out2023_itd_beep500Hz_silencio_-50.wav
-80, -78.637, 0.125123, Gabriel_azim_beep500Hz_27out2023_itld_beep500Hz_silencio_-80.wav
10, 64.6915, 0.366502, Gabriel_azim_beep500Hz_27out2023_itld_rev_beep500Hz_silencio_10.wav
80, 90.7747, 0.750739, Gabriel_azim_beep500Hz_27out2023_itld_rev_beep500Hz_silencio_80.wav
-40, -52.0373, 0.826601, Gabriel_azim_beep500Hz_27out2023_itld_rev_beep500Hz_silencio_-40.wav
0, 14.5911, 0.0492611, Gabriel_azim_beep500Hz_27out2023_itld_rev_beep500Hz_silencio_0.wav
70, 91.5495, 0.195074, Gabriel_azim_beep500Hz_27out2023_itld_beep500Hz_silencio_70.wav
80, 91.5495, 0.207882, Gabriel_azim_beep500Hz_27out2023_itld_beep500Hz_silencio_80.wav
40, 12.7834, 0.0876847, Gabriel_azim_beep500Hz_27out2023_ild_beep500Hz_silencio_40.wav
20, 73.9885, 0.158621, Gabriel_azim_beep500Hz_27out2023_itld_beep500Hz_silencio_20.wav
-20, -15.1076, 0.00197044, Gabriel_azim_beep500Hz_27out2023_itld_rev_beep500Hz_silencio_-20.wav
20, 73.7303, 0.539901, Gabriel_azim_beep500Hz_27out2023_itld_beep500Hz_silencio_20.wav
-10, -47.3888, 0.410837, Gabriel_azim_beep500Hz_27out2023_ild_beep500Hz_silencio_-10.wav
-10, -71.6643, 0.570443, Gabriel_azim_beep500Hz_27out2023_itld_beep500Hz_silencio_-10.wav
-10, -71.6643, 0.651232, Gabriel_azim_beep500Hz_27out2023_itld_rev_beep500Hz_silencio_-10.wav
30, 81.2195, 0.308374, Gabriel_azim_beep500Hz_27out2023_itd_beep500Hz_silencio_30.wav
-40, -20.2726, 0.519212, Gabriel_azim_beep500Hz_27out2023_ild_beep500Hz_silencio_-40.wav
-60, -80.4448, 0.143842, Gabriel_azim_beep500Hz_27out2023_itld_beep500Hz_silencio_-60.wav
-70, -80.703, 1, Gabriel_azim_beep500Hz_27out2023_beep500Hz_silencio_-70.wav
-20, -21.5638, 0.996059, Gabriel_azim_beep500Hz_27out2023_beep500Hz_silencio_-20.wav
-60, -70.8895, 1, Gabriel_azim_beep500Hz_27out2023_beep500Hz_silencio_-60.wav
60, 92.066, 0.385222, Gabriel_azim_beep500Hz_27out2023_itd_beep500Hz_silencio_60.wav
30, 91.5495, 0.390148, Gabriel_azim_beep500Hz_27out2023_itld_beep500Hz_silencio_30.wav
-40, -72.9555, 0.854187, Gabriel_azim_beep500Hz_27out2023_beep500Hz_silencio_-40.wav
-40, -72.9555, 0.519212, Gabriel_azim_beep500Hz_27out2023_itld_beep500Hz_silencio_-40.wav
40, 83.0273, 0.382266, Gabriel_azim_beep500Hz_27out2023_itld_beep500Hz_silencio_40.wav
50, 83.0273, 0.383251, Gabriel_azim_beep500Hz_27out2023_itd_beep500Hz_silencio_50.wav
70, 82.2525, 0.974384, Gabriel_azim_beep500Hz_27out2023_beep500Hz_silencio_70.wav
-30, -74.7633, 0.46601, Gabriel_azim_beep500Hz_27out2023_itld_beep500Hz_silencio_-30.wav
40, 97.4892, 0.205911, Gabriel_azim_beep500Hz_27out2023_itd_beep500Hz_silencio_40.wav
-40, -56.4275, 0.803941, Gabriel_azim_beep500Hz_27out2023_beep500Hz_silencio_-40.wav
10, 93.8737, 0.0916256, Gabriel_azim_beep500Hz_27out2023_itld_rev_beep500Hz_silencio_10.wav
10, 93.8737, 0.105419, Gabriel_azim_beep500Hz_27out2023_itld_beep500Hz_silencio_10.wav
30, 20.0143, 0.11133, Gabriel_azim_beep500Hz_27out2023_ild_beep500Hz_silencio_30.wav
10, 20.2726, 0.933005, Gabriel_azim_beep500Hz_27out2023_beep500Hz_silencio_10.wav
80, 91.5495, 0.73202, Gabriel_azim_beep500Hz_27out2023_itld_rev_beep500Hz_silencio_80.wav
0, 18.7231, 0.195074, Gabriel_azim_beep500Hz_27out2023_itld_beep500Hz_silencio_0.wav
70, 18.4648, 0.360591, Gabriel_azim_beep500Hz_27out2023_ild_beep500Hz_silencio_70.wav
80, 82.769, 0.848276, Gabriel_azim_beep500Hz_27out2023_beep500Hz_silencio_80.wav
80, 16.9154, 0.207882, Gabriel_azim_beep500Hz_27out2023_ild_beep500Hz_silencio_80.wav
-30, -83.802, 0.0118227, Gabriel_azim_beep500Hz_27out2023_itld_rev_beep500Hz_silencio_-30.wav
-50, -83.802, 0.0118227, Gabriel_azim_beep500Hz_27out2023_itld_rev_beep500Hz_silencio_-50.wav
-40, -65.9828, 0.226601, Gabriel_azim_beep500Hz_27out2023_itld_beep500Hz_silencio_-40.wav
-80, -74.505, 0.176355, Gabriel_azim_beep500Hz_27out2023_ild_beep500Hz_silencio_-80.wav
-50, -74.7633, 0.370443, Gabriel_azim_beep500Hz_27out2023_ild_beep500Hz_silencio_-50.wav
80, 99.8135, 0.548768, Gabriel_azim_beep500Hz_27out2023_itld_rev_beep500Hz_silencio_80.wav
-10, 8.39311, 0.727094, Gabriel_azim_beep500Hz_27out2023_beep500Hz_silencio_-10.wav
30, 76.3128, 0.470936, Gabriel_azim_beep500Hz_27out2023_itld_rev_beep500Hz_silencio_30.wav
-60, -73.472, 0.282759, Gabriel_azim_beep500Hz_27out2023_ild_beep500Hz_silencio_-60.wav
0, -1.42037, 0.000985222, Gabriel_azim_beep500Hz_27out2023_itld_rev_beep500Hz_silencio_0.wav
60, 96.7145, 0.237438, Gabriel_azim_beep500Hz_27out2023_itd_beep500Hz_silencio_60.wav
60, 100.846, 0.160591, Gabriel_azim_beep500Hz_27out2023_itld_beep500Hz_silencio_60.wav
-60, -85.6098, 0.242365, Gabriel_azim_beep500Hz_27out2023_ild_beep500Hz_silencio_-60.wav
70, 100.846, 0.186207, Gabriel_azim_beep500Hz_27out2023_itld_rev_beep500Hz_silencio_70.wav
20, 67.5323, 0.761576, Gabriel_azim_beep500Hz_27out2023_itld_rev_beep500Hz_silencio_20.wav
40, 12.2669, 0.546798, Gabriel_azim_beep500Hz_27out2023_ild_beep500Hz_silencio_40.wav
-60, -74.2468, 0.658128, Gabriel_azim_beep500Hz_27out2023_itld_beep500Hz_silencio_-60.wav
70, 95.165, 0.567488, Gabriel_azim_beep500Hz_27out2023_itld_beep500Hz_silencio_70.wav
20, 28.5366, 0.37931, Gabriel_azim_beep500Hz_27out2023_itld_beep500Hz_silencio_20.wav
-10, -60.8178, 0.301478, Gabriel_azim_beep500Hz_27out2023_itld_beep500Hz_silencio_-10.wav
80, 85.868, 0.850246, Gabriel_azim_beep500Hz_27out2023_beep500Hz_silencio_80.wav
70, 85.6098, 0.521182, Gabriel_azim_beep500Hz_27out2023_itd_beep500Hz_silencio_70.wav
-30, -69.8565, 0.432512, Gabriel_azim_beep500Hz_27out2023_itd_beep500Hz_silencio_-30.wav
-20, -69.5983, 0.473892, Gabriel_azim_beep500Hz_27out2023_itld_beep500Hz_silencio_-20.wav
-10, -46.0976, 0.907389, Gabriel_azim_beep500Hz_27out2023_beep500Hz_silencio_-10.wav
10, -46.3558, 0.555665, Gabriel_azim_beep500Hz_27out2023_ild_beep500Hz_silencio_10.wav
50, 100.846, 0.491626, Gabriel_azim_beep500Hz_27out2023_itd_beep500Hz_silencio_50.wav
60, 14.3329, 0.360591, Gabriel_azim_beep500Hz_27out2023_ild_beep500Hz_silencio_60.wav
-20, 14.3329, 0.533005, Gabriel_azim_beep500Hz_27out2023_itd_beep500Hz_silencio_-20.wav
-30, -83.0273, 0.414778, Gabriel_azim_beep500Hz_27out2023_ild_beep500Hz_silencio_-30.wav
50, 79.67, 0.99803, Gabriel_azim_beep500Hz_27out2023_beep500Hz_silencio_50.wav
80, 9.68436, 0.264039, Gabriel_azim_beep500Hz_27out2023_ild_beep500Hz_silencio_80.wav
-70, -62.3673, 0.329064, Gabriel_azim_beep500Hz_27out2023_itd_beep500Hz_silencio_-70.wav
50, -5.55237, 0.151724, Gabriel_azim_beep500Hz_27out2023_ild_beep500Hz_silencio_50.wav
-50, -80.9613, 0.963547, Gabriel_azim_beep500Hz_27out2023_beep500Hz_silencio_-50.wav
10, 14.3329, 0.360591, Gabriel_azim_beep500Hz_27out2023_itd_beep500Hz_silencio_10.wav
20, 14.3329, 0.249261, Gabriel_azim_beep500Hz_27out2023_ild_beep500Hz_silencio_20.wav
-20, 14.3329, 0, Gabriel_azim_beep500Hz_27out2023_itld_rev_beep500Hz_silencio_-20.wav
0, 14.5911, 0.30936, Gabriel_azim_beep500Hz_27out2023_itd_beep500Hz_silencio_0.wav
80, 95.165, 0.615764, Gabriel_azim_beep500Hz_27out2023_itld_rev_beep500Hz_silencio_80.wav
20, 48.9383, 0.00591133, Gabriel_azim_beep500Hz_27out2023_itld_rev_beep500Hz_silencio_20.wav
-20, 11.2339, 0.162562, Gabriel_azim_beep500Hz_27out2023_itd_beep500Hz_silencio_-20.wav
50, 84.5768, 0.162562, Gabriel_azim_beep500Hz_27out2023_itld_beep500Hz_silencio_50.wav
40, 72.6973, 0.70936, Gabriel_azim_beep500Hz_27out2023_itld_rev_beep500Hz_silencio_40.wav
-40, -62.109, 0.334975, Gabriel_azim_beep500Hz_27out2023_ild_beep500Hz_silencio_-40.wav
-70, -91.8077, 0.157635, Gabriel_azim_beep500Hz_27out2023_itld_beep500Hz_silencio_-70.wav
10, 20.2726, 0.209852, Gabriel_azim_beep500Hz_27out2023_ild_beep500Hz_silencio_10.wav
-20, 20.7891, 0.338916, Gabriel_azim_beep500Hz_27out2023_itd_beep500Hz_silencio_-20.wav
-70, -75.0215, 0.963547, Gabriel_azim_beep500Hz_27out2023_beep500Hz_silencio_-70.wav
-60, -75.0215, 0.79803, Gabriel_azim_beep500Hz_27out2023_itld_rev_beep500Hz_silencio_-60.wav
30, 4.26112, 0.449261, Gabriel_azim_beep500Hz_27out2023_ild_beep500Hz_silencio_30.wav
-20, -23.6298, 0.453202, Gabriel_azim_beep500Hz_27out2023_itld_beep500Hz_silencio_-20.wav
0, -23.6298, 0.374384, Gabriel_azim_beep500Hz_27out2023_itld_beep500Hz_silencio_0.wav
-50, -60.3013, 0.202956, Gabriel_azim_beep500Hz_27out2023_itd_beep500Hz_silencio_-50.wav
70, 100.846, 0.202956, Gabriel_azim_beep500Hz_27out2023_itld_rev_beep500Hz_silencio_70.wav
0, 100.846, 0.202956, Gabriel_azim_beep500Hz_27out2023_itld_beep500Hz_silencio_0.wav
-50, -78.637, 0.315271, Gabriel_azim_beep500Hz_27out2023_itd_beep500Hz_silencio_-50.wav
70, 15.1076, 0.211823, Gabriel_azim_beep500Hz_27out2023_ild_beep500Hz_silencio_70.wav
-20, -33.7016, 0.95665, Gabriel_azim_beep500Hz_27out2023_beep500Hz_silencio_-20.wav
60, 65.4663, 0.961576, Gabriel_azim_beep500Hz_27out2023_beep500Hz_silencio_60.wav
60, 72.439, 0.960591, Gabriel_azim_beep500Hz_27out2023_beep500Hz_silencio_60.wav
80, 100.588, 0.255172, Gabriel_azim_beep500Hz_27out2023_itd_beep500Hz_silencio_80.wav
30, 100.846, 0.884729, Gabriel_azim_beep500Hz_27out2023_beep500Hz_silencio_30.wav
70, 88.7088, 0.885714, Gabriel_azim_beep500Hz_27out2023_beep500Hz_silencio_70.wav
70, 88.7088, 0.292611, Gabriel_azim_beep500Hz_27out2023_itld_beep500Hz_silencio_70.wav
10, 97.4892, 0.150739, Gabriel_azim_beep500Hz_27out2023_itld_beep500Hz_silencio_10.wav
-40, -82.2525, 0.151724, Gabriel_azim_beep500Hz_27out2023_itd_beep500Hz_silencio_-40.wav
-60, -82.2525, 0.999015, Gabriel_azim_beep500Hz_27out2023_beep500Hz_silencio_-60.wav
70, 95.4232, 0.103448, Gabriel_azim_beep500Hz_27out2023_itd_beep500Hz_silencio_70.wav
0, 16.9154, 0.984236, Gabriel_azim_beep500Hz_27out2023_beep500Hz_silencio_0.wav
-70, -79.9283, 0.0975369, Gabriel_azim_beep500Hz_27out2023_ild_beep500Hz_silencio_-70.wav
-10, -13.0416, 0.981281, Gabriel_azim_beep500Hz_27out2023_beep500Hz_silencio_-10.wav
-30, -43.5151, 0.00197044, Gabriel_azim_beep500Hz_27out2023_itld_rev_beep500Hz_silencio_-30.wav
-10, -65.208, 0.130049, Gabriel_azim_beep500Hz_27out2023_ild_beep500Hz_silencio_-10.wav
-30, -71.1478, 0.127094, Gabriel_azim_beep500Hz_27out2023_itd_beep500Hz_silencio_-30.wav
-70, -89.7418, 0.0945813, Gabriel_azim_beep500Hz_27out2023_ild_beep500Hz_silencio_-70.wav
-20, -36.2841, 0.876847, Gabriel_azim_beep500Hz_27out2023_beep500Hz_silencio_-20.wav
40, 100.846, 0.376355, Gabriel_azim_beep500Hz_27out2023_itd_beep500Hz_silencio_40.wav
-20, -89.4835, 0.397044, Gabriel_azim_beep500Hz_27out2023_ild_beep500Hz_silencio_-20.wav
-30, -90, 0.910345, Gabriel_azim_beep500Hz_27out2023_beep500Hz_silencio_-30.wav
-40, -77.0875, 0.165517, Gabriel_azim_beep500Hz_27out2023_itld_beep500Hz_silencio_-40.wav
70, 2.96987, 0.000985222, Gabriel_azim_beep500Hz_27out2023_ild_beep500Hz_silencio_70.wav
-70, -79.1535, 0.00197044, Gabriel_azim_beep500Hz_27out2023_itld_beep500Hz_silencio_-70.wav
-10, -26.2123, 0.0965517, Gabriel_azim_beep500Hz_27out2023_itd_beep500Hz_silencio_-10.wav
-70, -74.2468, 0.102463, Gabriel_azim_beep500Hz_27out2023_itld_beep500Hz_silencio_-70.wav
-80, -77.0875, 0.372414, Gabriel_azim_beep500Hz_27out2023_itld_rev_beep500Hz_silencio_-80.wav
70, 86.901, 0.370443, Gabriel_azim_beep500Hz_27out2023_itld_beep500Hz_silencio_70.wav
40, 50.7461, 0.371429, Gabriel_azim_beep500Hz_27out2023_itld_beep500Hz_silencio_40.wav
20, 51.0043, 0.00295567, Gabriel_azim_beep500Hz_27out2023_itld_rev_beep500Hz_silencio_20.wav
50, 50.7461, 0.0413793, Gabriel_azim_beep500Hz_27out2023_itld_rev_beep500Hz_silencio_50.wav
-80, -78.8953, 0.121182, Gabriel_azim_beep500Hz_27out2023_itld_rev_beep500Hz_silencio_-80.wav
-40, -78.637, 0.199015, Gabriel_azim_beep500Hz_27out2023_itd_beep500Hz_silencio_-40.wav
70, 91.5495, 0.231527, Gabriel_azim_beep500Hz_27out2023_itd_beep500Hz_silencio_70.wav
-30, -31.8938, 0.0433498, Gabriel_azim_beep500Hz_27out2023_itld_rev_beep500Hz_silencio_-30.wav
10, 14.0746, 0.0403941, Gabriel_azim_beep500Hz_27out2023_itd_beep500Hz_silencio_10.wav
10, 13.8164, -0.00394089, Gabriel_azim_beep500Hz_27out2023_itld_beep500Hz_silencio_10.wav
-50, 13.5581, 0.226601, Gabriel_azim_beep500Hz_27out2023_ild_beep500Hz_silencio_-50.wav
10, 97.4892, 0.00295567, Gabriel_azim_beep500Hz_27out2023_itld_rev_beep500Hz_silencio_10.wav
10, 15.6241, 0.287685, Gabriel_azim_beep500Hz_27out2023_ild_beep500Hz_silencio_10.wav
30, 63.142, 0.292611, Gabriel_azim_beep500Hz_27out2023_itd_beep500Hz_silencio_30.wav
70, 92.3242, 0.951724, Gabriel_azim_beep500Hz_27out2023_beep500Hz_silencio_70.wav
-60, -81.4778, 0.178325, Gabriel_azim_beep500Hz_27out2023_itld_rev_beep500Hz_silencio_-60.wav
0, 17.9484, 0.178325, Gabriel_azim_beep500Hz_27out2023_ild_beep500Hz_silencio_0.wav
-80, -62.6255, 0.653202, Gabriel_azim_beep500Hz_27out2023_itld_rev_beep500Hz_silencio_-80.wav
50, 100.846, 0.876847, Gabriel_azim_beep500Hz_27out2023_itld_rev_beep500Hz_silencio_50.wav
-40, -57.2023, 0.259113, Gabriel_azim_beep500Hz_27out2023_itld_beep500Hz_silencio_-40.wav
-10, -20.7891, 0.352709, Gabriel_azim_beep500Hz_27out2023_itld_rev_beep500Hz_silencio_-10.wav
-50, -78.8953, 0.146798, Gabriel_azim_beep500Hz_27out2023_itld_beep500Hz_silencio_-50.wav
30, 100.846, 0.147783, Gabriel_azim_beep500Hz_27out2023_itld_beep500Hz_silencio_30.wav
10, 100.846, 0.147783, Gabriel_azim_beep500Hz_27out2023_itld_beep500Hz_silencio_10.wav
60, 20.2726, 0.26798, Gabriel_azim_beep500Hz_27out2023_ild_beep500Hz_silencio_60.wav
-10, 20.0143, 0.289655, Gabriel_azim_beep500Hz_27out2023_itld_beep500Hz_silencio_-10.wav
-80, -75.2798, 0.858128, Gabriel_azim_beep500Hz_27out2023_beep500Hz_silencio_-80.wav
50, 100.846, 0.693596, Gabriel_azim_beep500Hz_27out2023_itld_rev_beep500Hz_silencio_50.wav
50, 100.846, 0.693596, Gabriel_azim_beep500Hz_27out2023_itld_beep500Hz_silencio_50.wav
-30, -63.6585, 0.434483, Gabriel_azim_beep500Hz_27out2023_itld_beep500Hz_silencio_-30.wav
-20, -76.571, 0.426601, Gabriel_azim_beep500Hz_27out2023_ild_beep500Hz_silencio_-20.wav
70, 100.846, 0.773399, Gabriel_azim_beep500Hz_27out2023_itld_rev_beep500Hz_silencio_70.wav
40, 100.846, 0.60197, Gabriel_azim_beep500Hz_27out2023_itld_beep500Hz_silencio_40.wav
-20, -70.373, 0.378325, Gabriel_azim_beep500Hz_27out2023_ild_beep500Hz_silencio_-20.wav
-80, -70.373, 0.143842, Gabriel_azim_beep500Hz_27out2023_ild_beep500Hz_silencio_-80.wav
80, 94.9067, 0.297537, Gabriel_azim_beep500Hz_27out2023_itd_beep500Hz_silencio_80.wav
0, 15.8824, 0.391133, Gabriel_azim_beep500Hz_27out2023_ild_beep500Hz_silencio_0.wav
-70, -34.7346, 0.903448, Gabriel_azim_beep500Hz_27out2023_beep500Hz_silencio_-70.wav
-80, -61.3343, 0.165517, Gabriel_azim_beep500Hz_27out2023_ild_beep500Hz_silencio_-80.wav
80, 89.2253, 0.836453, Gabriel_azim_beep500Hz_27out2023_beep500Hz_silencio_80.wav
20, 100.846, 0.256158, Gabriel_azim_beep500Hz_27out2023_itd_beep500Hz_silencio_20.wav
-50, -68.5653, 0.0778325, Gabriel_azim_beep500Hz_27out2023_itld_rev_beep500Hz_silencio_-50.wav
-70, -68.5653, 0.000985222, Gabriel_azim_beep500Hz_27out2023_itld_rev_beep500Hz_silencio_-70.wav
-50, 21.5638, 0.149754, Gabriel_azim_beep500Hz_27out2023_ild_beep500Hz_silencio_-50.wav
20, 67.0158, 0.823645, Gabriel_azim_beep500Hz_27out2023_beep500Hz_silencio_20.wav
-20, 14.5911, 0.547783, Gabriel_azim_beep500Hz_27out2023_itld_beep500Hz_silencio_-20.wav
20, 88.4505, 0.489655, Gabriel_azim_beep500Hz_27out2023_itd_beep500Hz_silencio_20.wav
-20, 14.3329, 0.163547, Gabriel_azim_beep500Hz_27out2023_itd_beep500Hz_silencio_-20.wav
0, 14.8494, 0.225616, Gabriel_azim_beep500Hz_27out2023_itd_beep500Hz_silencio_0.wav
-70, -65.9828, 0.0669951, Gabriel_azim_beep500Hz_27out2023_itld_rev_beep500Hz_silencio_-70.wav
40, 84.5768, 0.5133, Gabriel_azim_beep500Hz_27out2023_ild_beep500Hz_silencio_40.wav
70, 48.6801, 0.190148, Gabriel_azim_beep500Hz_27out2023_ild_beep500Hz_silencio_70.wav
-70, -69.34, 0.566502, Gabriel_azim_beep500Hz_27out2023_itd_beep500Hz_silencio_-70.wav
40, 7.10187, 0.121182, Gabriel_azim_beep500Hz_27out2023_ild_beep500Hz_silencio_40.wav
30, 100.846, 0.248276, Gabriel_azim_beep500Hz_27out2023_itld_beep500Hz_silencio_30.wav
-30, -65.7245, 0.304433, Gabriel_azim_beep500Hz_27out2023_ild_beep500Hz_silencio_-30.wav
0, -20.7891, 0.878818, Gabriel_azim_beep500Hz_27out2023_beep500Hz_silencio_0.wav
10, 37.3171, 0.880788, Gabriel_azim_beep500Hz_27out2023_beep500Hz_silencio_10.wav
60, 100.846, 0.646305, Gabriel_azim_beep500Hz_27out2023_itld_beep500Hz_silencio_60.wav
60, 88.7088, 0.989163, Gabriel_azim_beep500Hz_27out2023_beep500Hz_silencio_60.wav
-20, -64.4333, 0.178325, Gabriel_azim_beep500Hz_27out2023_itld_beep500Hz_silencio_-20.wav
-20, -18.2066, 1, Gabriel_azim_beep500Hz_27out2023_beep500Hz_silencio_-20.wav
60, 95.4232, 0.776355, Gabriel_azim_beep500Hz_27out2023_itld_rev_beep500Hz_silencio_60.wav
60, 100.846, 0.780296, Gabriel_azim_beep500Hz_27out2023_itld_rev_beep500Hz_silencio_60.wav
40, 92.066, 0.447291, Gabriel_azim_beep500Hz_27out2023_itd_beep500Hz_silencio_40.wav
-30, -17.4319, 0.880788, Gabriel_azim_beep500Hz_27out2023_beep500Hz_silencio_-30.wav
50, 14.8494, 0.4867, Gabriel_azim_beep500Hz_27out2023_ild_beep500Hz_silencio_50.wav
-80, -38.0918, 0.218719, Gabriel_azim_beep500Hz_27out2023_itd_beep500Hz_silencio_-80.wav
-50, -39.1248, 0.169458, Gabriel_azim_beep500Hz_27out2023_itd_beep500Hz_silencio_-50.wav
-30, -5.29412, 0.903448, Gabriel_azim_beep500Hz_27out2023_beep500Hz_silencio_-30.wav
30, 100.846, 0.305419, Gabriel_azim_beep500Hz_27out2023_itld_beep500Hz_silencio_30.wav
-50, -68.307, 0.165517, Gabriel_azim_beep500Hz_27out2023_itld_rev_beep500Hz_silencio_-50.wav
-40, -68.307, 0.0935961, Gabriel_azim_beep500Hz_27out2023_itld_beep500Hz_silencio_-40.wav
70, 100.846, 0.0945813, Gabriel_azim_beep500Hz_27out2023_itd_beep500Hz_silencio_70.wav
-60, -56.1693, 0.938916, Gabriel_azim_beep500Hz_27out2023_beep500Hz_silencio_-60.wav
20, 69.0818, 0.507389, Gabriel_azim_beep500Hz_27out2023_itd_beep500Hz_silencio_20.wav
-10, -69.0818, 0.00689655, Gabriel_azim_beep500Hz_27out2023_itld_rev_beep500Hz_silencio_-10.wav
-80, -68.5653, 0.0453202, Gabriel_azim_beep500Hz_27out2023_itd_beep500Hz_silencio_-80.wav
-40, -68.8235, -0.00295567, Gabriel_azim_beep500Hz_27out2023_itld_rev_beep500Hz_silencio_-40.wav
0, 18.9813, -0.000985222, Gabriel_azim_beep500Hz_27out2023_itld_rev_beep500Hz_silencio_0.wav
-60, -62.6255, 0.0975369, Gabriel_azim_beep500Hz_27out2023_itld_rev_beep500Hz_silencio_-60.wav
-30, -52.0373, 0.946798, Gabriel_azim_beep500Hz_27out2023_beep500Hz_silencio_-30.wav
-30, -52.0373, 0.158621, Gabriel_azim_beep500Hz_27out2023_itld_rev_beep500Hz_silencio_-30.wav
-30, -73.9885, 0.0729064, Gabriel_azim_beep500Hz_27out2023_ild_beep500Hz_silencio_-30.wav
20, 100.846, 0.143842, Gabriel_azim_beep500Hz_27out2023_beep500Hz_silencio_20.wav
40, 100.846, 0.370443, Gabriel_azim_beep500Hz_27out2023_itld_beep500Hz_silencio_40.wav
0, 25.6958, 0.964532, Gabriel_azim_beep500Hz_27out2023_beep500Hz_silencio_0.wav
-10, -13.0416, 0.963547, Gabriel_azim_beep500Hz_27out2023_beep500Hz_silencio_-10.wav
-50, -80.9613, 0.24532, Gabriel_azim_beep500Hz_27out2023_itld_beep500Hz_silencio_-50.wav
80, 100.846, 0.24532, Gabriel_azim_beep500Hz_27out2023_itld_beep500Hz_silencio_80.wav
-20, -17.4319, 0.815764, Gabriel_azim_beep500Hz_27out2023_beep500Hz_silencio_-20.wav
-50, -17.4319, 0.943842, Gabriel_azim_beep500Hz_27out2023_beep500Hz_silencio_-50.wav
-70, -72.6973, 0.17931, Gabriel_azim_beep500Hz_27out2023_itld_rev_beep500Hz_silencio_-70.wav
-60, -72.6973, 0.0463054, Gabriel_azim_beep500Hz_27out2023_itd_beep500Hz_silencio_-60.wav
-80, -72.439, 0.0788177, Gabriel_azim_beep500Hz_27out2023_itld_beep500Hz_silencio_-80.wav
-30, -51.0043, 0.121182, Gabriel_azim_beep500Hz_27out2023_itld_beep500Hz_silencio_-30.wav
-60, -50.7461, 0.13202, Gabriel_azim_beep500Hz_27out2023_ild_beep500Hz_silencio_-60.wav
-50, -51.0043, 0.130049, Gabriel_azim_beep500Hz_27out2023_ild_beep500Hz_silencio_-50.wav
60, 7.10187, 0.131034, Gabriel_azim_beep500Hz_27out2023_ild_beep500Hz_silencio_60.wav
50, 7.36011, 0.216749, Gabriel_azim_beep500Hz_27out2023_ild_beep500Hz_silencio_50.wav
50, 7.10187, 0.22266, Gabriel_azim_beep500Hz_27out2023_ild_beep500Hz_silencio_50.wav
-80, -76.571, 0.0748768, Gabriel_azim_beep500Hz_27out2023_ild_beep500Hz_silencio_-80.wav
-40, -75.538, 0.240394, Gabriel_azim_beep500Hz_27out2023_itd_beep500Hz_silencio_-40.wav
20, 99.8135, 0.105419, Gabriel_azim_beep500Hz_27out2023_itld_beep500Hz_silencio_20.wav
40, 80.703, 0.672906, Gabriel_azim_beep500Hz_27out2023_itld_rev_beep500Hz_silencio_40.wav
-50, -60.8178, 0.127094, Gabriel_azim_beep500Hz_27out2023_itld_beep500Hz_silencio_-50.wav
50, 85.6098, 0.881773, Gabriel_azim_beep500Hz_27out2023_beep500Hz_silencio_50.wav
70, 100.846, 0.171429, Gabriel_azim_beep500Hz_27out2023_itld_rev_beep500Hz_silencio_70.wav
-10, 20.0143, 0.213793, Gabriel_azim_beep500Hz_27out2023_itd_beep500Hz_silencio_-10.wav
-20, 19.7561, 0.489655, Gabriel_azim_beep500Hz_27out2023_itd_beep500Hz_silencio_-20.wav
-20, -7.36011, 0.00985222, Gabriel_azim_beep500Hz_27out2023_itld_rev_beep500Hz_silencio_-20.wav
-60, -76.571, 0.116256, Gabriel_azim_beep500Hz_27out2023_itd_beep500Hz_silencio_-60.wav
60, 5.55237, 0.167488, Gabriel_azim_beep500Hz_27out2023_ild_beep500Hz_silencio_60.wav
20, 49.9713, 0.260099, Gabriel_azim_beep500Hz_27out2023_itd_beep500Hz_silencio_20.wav
-60, -72.439, 0.161576, Gabriel_azim_beep500Hz_27out2023_itld_beep500Hz_silencio_-60.wav
20, 67.5323, 0.874877, Gabriel_azim_beep500Hz_27out2023_beep500Hz_silencio_20.wav
-30, -71.1478, 0.270936, Gabriel_azim_beep500Hz_27out2023_itld_beep500Hz_silencio_-30.wav
30, 65.9828, 0.588177, Gabriel_azim_beep500Hz_27out2023_itld_rev_beep500Hz_silencio_30.wav
40, 11.7504, 0.326108, Gabriel_azim_beep500Hz_27out2023_ild_beep500Hz_silencio_40.wav
60, 98.0057, 0.517241, Gabriel_azim_beep500Hz_27out2023_itld_rev_beep500Hz_silencio_60.wav
70, 48.6801, 0.149754, Gabriel_azim_beep500Hz_27out2023_ild_beep500Hz_silencio_70.wav
50, 98.7805, 0.790148, Gabriel_azim_beep500Hz_27out2023_itld_rev_beep500Hz_silencio_50.wav
40, 98.5222, 0.259113, Gabriel_azim_beep500Hz_27out2023_itld_beep500Hz_silencio_40.wav
50, 78.3788, 1, Gabriel_azim_beep500Hz_27out2023_beep500Hz_silencio_50.wav
-40, -61.5925, 0.695567, Gabriel_azim_beep500Hz_27out2023_beep500Hz_silencio_-40.wav
80, 100.846, 0.181281, Gabriel_azim_beep500Hz_27out2023_itld_beep500Hz_silencio_80.wav
-20, -70.6313, 0.184236, Gabriel_azim_beep500Hz_27out2023_itld_beep500Hz_silencio_-20.wav
-50, -51.5208, 0.997044, Gabriel_azim_beep500Hz_27out2023_beep500Hz_silencio_-50.wav
-30, -15.3659, 0.352709, Gabriel_azim_beep500Hz_27out2023_ild_beep500Hz_silencio_-30.wav
-60, -44.8063, 0.158621, Gabriel_azim_beep500Hz_27out2023_itd_beep500Hz_silencio_-60.wav
-60, -44.5481, 0.158621, Gabriel_azim_beep500Hz_27out2023_itd_beep500Hz_silencio_-60.wav
20, 19.2396, 0.234483, Gabriel_azim_beep500Hz_27out2023_ild_beep500Hz_silencio_20.wav
60, 88.7088, 0.806897, Gabriel_azim_beep500Hz_27out2023_beep500Hz_silencio_60.wav
40, 71.406, 0.807882, Gabriel_azim_beep500Hz_27out2023_beep500Hz_silencio_40.wav
20, 80.4448, 0.0137931, Gabriel_azim_beep500Hz_27out2023_itld_rev_beep500Hz_silencio_20.wav
40, 100.846, 0.149754, Gabriel_azim_beep500Hz_27out2023_itd_beep500Hz_silencio_40.wav
-20, -45.5811, -0.000985222, Gabriel_azim_beep500Hz_27out2023_itld_rev_beep500Hz_silencio_-20.wav
0, -65.9828, 0.126108, Gabriel_azim_beep500Hz_27out2023_itld_beep500Hz_silencio_0.wav
50, 99.5552, 0.127094, Gabriel_azim_beep500Hz_27out2023_itd_beep500Hz_silencio_50.wav
-80, -59.01, 0.2, Gabriel_azim_beep500Hz_27out2023_itd_beep500Hz_silencio_-80.wav
50, 89.2253, 0.262069, Gabriel_azim_beep500Hz_27out2023_itld_beep500Hz_silencio_50.wav
10, 52.0373, 0.925123, Gabriel_azim_beep500Hz_27out2023_beep500Hz_silencio_10.wav
30, 20.2726, 0.396059, Gabriel_azim_beep500Hz_27out2023_ild_beep500Hz_silencio_30.wav
-60, -57.4605, 0.951724, Gabriel_azim_beep500Hz_27out2023_beep500Hz_silencio_-60.wav
-80, -41.9656, 0.951724, Gabriel_azim_beep500Hz_27out2023_beep500Hz_silencio_-80.wav
-10, -71.1478, 0.35665, Gabriel_azim_beep500Hz_27out2023_itd_beep500Hz_silencio_-10.wav
60, 100.846, 0.549754, Gabriel_azim_beep500Hz_27out2023_itld_rev_beep500Hz_silencio_60.wav
20, 76.0545, 0.922167, Gabriel_azim_beep500Hz_27out2023_beep500Hz_silencio_20.wav
30, 100.846, 0.352709, Gabriel_azim_beep500Hz_27out2023_itd_beep500Hz_silencio_30.wav
-30, -33.9598, 0.353695, Gabriel_azim_beep500Hz_27out2023_itd_beep500Hz_silencio_-30.wav
20, 78.3788, 0.00492611, Gabriel_azim_beep500Hz_27out2023_itld_rev_beep500Hz_silencio_20.wav
-20, -23.8881, 0.253202, Gabriel_azim_beep500Hz_27out2023_ild_beep500Hz_silencio_-20.wav
-40, -75.7963, -0.00295567, Gabriel_azim_beep500Hz_27out2023_itld_rev_beep500Hz_silencio_-40.wav
0, -19.7561, 0.715271, Gabriel_azim_beep500Hz_27out2023_itd_beep500Hz_silencio_0.wav
50, 98.0057, 0.715271, Gabriel_azim_beep500Hz_27out2023_itld_beep500Hz_silencio_50.wav
10, 38.3501, 0.482759, Gabriel_azim_beep500Hz_27out2023_itld_beep500Hz_silencio_10.wav
30, 89.4835, 0.99803, Gabriel_azim_beep500Hz_27out2023_beep500Hz_silencio_30.wav
-80, -62.8838, 0.224631, Gabriel_azim_beep500Hz_27out2023_ild_beep500Hz_silencio_-80.wav
80, 20.7891, 0.280788, Gabriel_azim_beep500Hz_27out2023_ild_beep500Hz_silencio_80.wav
-60, -55.3945, 0.893596, Gabriel_azim_beep500Hz_27out2023_beep500Hz_silencio_-60.wav
0, -17.9484, 0.893596, Gabriel_azim_beep500Hz_27out2023_beep500Hz_silencio_0.wav
80, -13.8164, 0.252217, Gabriel_azim_beep500Hz_27out2023_ild_beep500Hz_silencio_80.wav
20, 66.241, 0.947783, Gabriel_azim_beep500Hz_27out2023_beep500Hz_silencio_20.wav
-50, -67.5323, 0.194089, Gabriel_azim_beep500Hz_27out2023_itld_beep500Hz_silencio_-50.wav
40, 87.6758, 0.703448, Gabriel_azim_beep500Hz_27out2023_beep500Hz_silencio_40.wav
50, 100.846, 0.11133, Gabriel_azim_beep500Hz_27out2023_itd_beep500Hz_silencio_50.wav
80, 100.846, 0.235468, Gabriel_azim_beep500Hz_27out2023_itd_beep500Hz_silencio_80.wav
-70, -48.6801, 0.875862, Gabriel_azim_beep500Hz_27out2023_beep500Hz_silencio_-70.wav
60, 98.264, 0.4, Gabriel_azim_beep500Hz_27out2023_itld_beep500Hz_silencio_60.wav
-80, -79.1535, 0.264039, Gabriel_azim_beep500Hz_27out2023_itd_beep500Hz_silencio_-80.wav
30, 16.3989, 0.381281, Gabriel_azim_beep500Hz_27out2023_itd_beep500Hz_silencio_30.wav
-40, -77.0875, 0.338916, Gabriel_azim_beep500Hz_27out2023_itd_beep500Hz_silencio_-40.wav
-40, -76.571, 0.235468, Gabriel_azim_beep500Hz_27out2023_ild_beep500Hz_silencio_-40.wav
-30, -76.8293, 0.234483, Gabriel_azim_beep500Hz_27out2023_ild_beep500Hz_silencio_-30.wav
20, -77.0875, 0.0857143, Gabriel_azim_beep500Hz_27out2023_ild_beep500Hz_silencio_20.wav
60, 93.8737, 0.15665, Gabriel_azim_beep500Hz_27out2023_itd_beep500Hz_silencio_60.wav
0, 15.1076, 0.15468, Gabriel_azim_beep500Hz_27out2023_itd_beep500Hz_silencio_0.wav
-10, -23.8881, 0.229557, Gabriel_azim_beep500Hz_27out2023_ild_beep500Hz_silencio_-10.wav
-10, -23.8881, 0.00295567, Gabriel_azim_beep500Hz_27out2023_itld_rev_beep500Hz_silencio_-10.wav
-70, -82.2525, 0.153695, Gabriel_azim_beep500Hz_27out2023_itld_beep500Hz_silencio_-70.wav
